,year,continent,co2,co2_per_capita,co2_global_share
208,2020,Africa,1326.0439999999999,0.99,3.81
1243,2020,Asia,20317.058,4.379,58.37
7772,2020,Europe,4946.034000000001,6.608,14.21
16413,2020,North America,5775.159000000001,9.805,16.59
17254,2020,Oceania,444.397,10.514000000000001,1.28
20867,2020,South America,994.16,2.3080000000000003,2.86
